username,user_id
dylan_bohon,ce4fd023-4645-4b56-9a74-ed874c6ef931
katy_brooksby,0ec2b857-ce7c-435d-8268-dcdbc9341a1c
masteroftherealm,180d9e55-ccc4-459c-9be5-1dc4be8ede1e
peter_ferguson,5b84473d-669c-436f-9455-1807300cdf51
pj,14c929cc-0a1c-49c7-b884-c6490452d49e
player137260,c8524889-5843-4e34-a8bf-e52d7e11bf32
player168926,8ac29a52-c8d9-48f6-9ee3-5cf909e65f77
player172121,6cf350ff-6014-4a06-a145-8a9ccd2e8b9b
player174657,180d9e55-ccc4-459c-9be5-1dc4be8ede1e
player231503,180d9e55-ccc4-459c-9be5-1dc4be8ede1e
player266612,180d9e55-ccc4-459c-9be5-1dc4be8ede1e
player339779,180d9e55-ccc4-459c-9be5-1dc4be8ede1e
player446287,180d9e55-ccc4-459c-9be5-1dc4be8ede1e
player483087,180d9e55-ccc4-459c-9be5-1dc4be8ede1e
player502167,ce4fd023-4645-4b56-9a74-ed874c6ef931
player564034,6cf350ff-6014-4a06-a145-8a9ccd2e8b9b
player711663,180d9e55-ccc4-459c-9be5-1dc4be8ede1e
player738248,3059e9f3-7217-492d-aa4a-fc73fb85fe59
player921183,6cf350ff-6014-4a06-a145-8a9ccd2e8b9b
realmsrpg,180d9e55-ccc4-459c-9be5-1dc4be8ede1e
tylex12321,c8524889-5843-4e34-a8bf-e52d7e11bf32
vampswa_vampire,99bc6d80-6c35-401c-aadf-db1655a178d0